{
  "description": "项目配置文件",
  "packOptions": {
    "ignore": []
  },
  "setting": {
    "urlCheck": true,
    "es6": true,
    "enhance": false,
    "postcss": true,
    "preloadBackgroundData": false,
    "minified": true,
    "newFeature": false,
    "coverView": true,
    "nodeModules": false,
    "autoAudits": false,
    "showShadowRootInWxmlPanel": true,
    "scopeDataCheck": false,
    "uglifyFileName": false,
    "checkInvalidKey": true,
    "checkSiteMap": true,
    "uploadWithSourceMap": true,
    "compileHotReLoad": false,
    "useMultiFrameRuntime": false,
    "useApiHook": true,
    "babelSetting": {
      "ignore": [],
      "disablePlugins": [],
      "outputPath": ""
    },
    "bundle": false,
    "useIsolateContext": true,
    "useCompilerModule": true,
    "userConfirmedUseCompilerModuleSwitch": false,
    "userConfirmedBundleSwitch": false,
    "packNpmManually": false,
    "packNpmRelationList": [],
    "minifyWXSS": true
  },
  "compileType": "miniprogram",
  "libVersion": "2.12.2",
  "appid": "wx6de01012001c5575",
  "projectname": "miniprogram-2",
  "debugOptions": {
    "hidedInDevtools": []
  },
  "scripts": {},
  "isGameTourist": false,
  "simulatorType": "wechat",
  "simulatorPluginLibVersion": {},
  "condition": {
    "plugin": {
      "list": []
    },
    "game": {
      "list": []
    },
    "gamePlugin": {
      "list": []
    },
    "miniprogram": {
      "list": [
        {
          "id": -1,
          "name": "pages/category/index",
          "pathName": "pages/category/index",
          "query": "",
          "scene": null
        },
        {
          "name": "pages/goods_list/index",
          "pathName": "pages/goods_list/index",
          "query": "cid=5",
          "scene": null
        },
        {
          "name": "pages/goos_detail/index",
          "pathName": "pages/goos_detail/index",
          "query": "goods_id=8888",
          "scene": null
        },
        {
          "name": "pages/pay/index",
          "pathName": "pages/pay/index",
          "query": "",
          "scene": null
        },
        {
          "name": "pages/auth/index",
          "pathName": "pages/auth/index",
          "query": "",
          "scene": null
        },
        {
          "name": "pages/user/index",
          "pathName": "pages/user/index",
          "query": "",
          "scene": null
        },
        {
          "name": "pages/iuser/index",
          "pathName": "pages/iuser/index",
          "query": "",
          "scene": null
        },
        {
          "name": "pages/order/index",
          "pathName": "pages/order/index",
          "query": "",
          "scene": null
        },
        {
          "name": "pages/search/index",
          "pathName": "pages/search/index",
          "query": "",
          "scene": null
        },
        {
          "name": "pages/feedback/index",
          "pathName": "pages/feedback/index",
          "scene": null
        }
      ]
    }
  }
}